<?xml version="1.0" encoding="UTF-8"?>
<project-private xmlns="http://www.netbeans.org/ns/project-private/1">
    <editor-bookmarks xmlns="http://www.netbeans.org/ns/editor-bookmarks/2" lastBookmarkId="0"/>
    <open-files xmlns="http://www.netbeans.org/ns/projectui-open-files/2">
        <group>
            <file>file:/C:/Users/ATUL%20MCA%20GKV/Documents/NetBeansProjects/Gym_Management_System/src/gym_management_system/Add_Trainer.java</file>
            <file>file:/C:/Users/ATUL%20MCA%20GKV/Documents/NetBeansProjects/Gym_Management_System/src/gym_management_system/Home_Page.java</file>
            <file>file:/C:/Users/ATUL%20MCA%20GKV/Documents/NetBeansProjects/Gym_Management_System/src/gym_management_system/ConnectionClass.java</file>
            <file>file:/C:/Users/ATUL%20MCA%20GKV/Documents/NetBeansProjects/Gym_Management_System/src/gym_management_system/LoginPage.java</file>
        </group>
    </open-files>
</project-private>
